{
  "2 Door Mega Top Refrigerated Sandwich Prep Table" : {
    "transaction" : "2 Door Mega Top Refrigerated Sandwich Prep Table",
    "sampleCount" : 896,
    "errorCount" : 484,
    "errorPct" : 54.017857,
    "meanResTime" : 226.5982142857142,
    "medianResTime" : 74.0,
    "minResTime" : 35.0,
    "maxResTime" : 1240.0,
    "pct1ResTime" : 458.0,
    "pct2ResTime" : 560.0499999999998,
    "pct3ResTime" : 637.06,
    "throughput" : 0.9963415583404687,
    "receivedKBytesPerSec" : 193.52634048457674,
    "sentKBytesPerSec" : 0.15470537868763137
  },
  "Total" : {
    "transaction" : "Total",
    "sampleCount" : 4734,
    "errorCount" : 2450,
    "errorPct" : 51.753273,
    "meanResTime" : 193.318335445712,
    "medianResTime" : 84.5,
    "minResTime" : 33.0,
    "maxResTime" : 4175.0,
    "pct1ResTime" : 393.0,
    "pct2ResTime" : 456.25,
    "pct3ResTime" : 591.9499999999989,
    "throughput" : 5.263105232086931,
    "receivedKBytesPerSec" : 764.2919945597763,
    "sentKBytesPerSec" : 0.8099407556708458
  },
  "Black Swing Glass Door Merchandiser Refrigerator" : {
    "transaction" : "Black Swing Glass Door Merchandiser Refrigerator",
    "sampleCount" : 975,
    "errorCount" : 488,
    "errorPct" : 50.05128,
    "meanResTime" : 177.58871794871777,
    "medianResTime" : 118.0,
    "minResTime" : 35.0,
    "maxResTime" : 1976.0,
    "pct1ResTime" : 319.0,
    "pct2ResTime" : 427.99999999999966,
    "pct3ResTime" : 553.24,
    "throughput" : 1.0869831813043351,
    "receivedKBytesPerSec" : 142.674865849901,
    "sentKBytesPerSec" : 0.16665660103982485
  },
  "2 Drawer Refrigerated Chef Base" : {
    "transaction" : "2 Drawer Refrigerated Chef Base",
    "sampleCount" : 983,
    "errorCount" : 508,
    "errorPct" : 51.678535,
    "meanResTime" : 190.4903357070195,
    "medianResTime" : 83.0,
    "minResTime" : 33.0,
    "maxResTime" : 4175.0,
    "pct1ResTime" : 345.6,
    "pct2ResTime" : 425.9999999999993,
    "pct3ResTime" : 511.4799999999999,
    "throughput" : 1.0940054511075274,
    "receivedKBytesPerSec" : 142.70642657949122,
    "sentKBytesPerSec" : 0.1677332576405096
  },
  "4 Drawer Refrigerated Chef Base" : {
    "transaction" : "4 Drawer Refrigerated Chef Base",
    "sampleCount" : 909,
    "errorCount" : 485,
    "errorPct" : 53.355335,
    "meanResTime" : 187.42134213421338,
    "medianResTime" : 73.0,
    "minResTime" : 33.0,
    "maxResTime" : 2274.0,
    "pct1ResTime" : 356.0,
    "pct2ResTime" : 418.5,
    "pct3ResTime" : 544.6999999999999,
    "throughput" : 1.0116411066841766,
    "receivedKBytesPerSec" : 147.7450583463869,
    "sentKBytesPerSec" : 0.1551051306146638
  },
  "MutltiStaton HandSink for 2 Wall Mounted Faucets" : {
    "transaction" : "MutltiStaton HandSink for 2 Wall Mounted Faucets",
    "sampleCount" : 971,
    "errorCount" : 485,
    "errorPct" : 49.948505,
    "meanResTime" : 186.7868177136973,
    "medianResTime" : 235.0,
    "minResTime" : 34.0,
    "maxResTime" : 2139.0,
    "pct1ResTime" : 330.0,
    "pct2ResTime" : 443.4,
    "pct3ResTime" : 515.2399999999998,
    "throughput" : 1.0826046285528887,
    "receivedKBytesPerSec" : 138.76868404968553,
    "sentKBytesPerSec" : 0.1670425110462465
  }
}